id,index,category,datetime,headline,image,source,summary,url,date
7475231,0,top news,2025-04-24 12:21:00,"If mortgage and credit rates rise, these sectors could fall",https://static2.finnhub.io/file/publicdatany/finnhubimage/market_watch_logo.png,MarketWatch,"Higher borrowing costs pressure the financial, technology and consumer-discretionary sectors.",https://www.marketwatch.com/story/if-mortgage-and-credit-rates-go-higher-these-stocks-could-go-lower-0949d9a0,2025-04-24
7475229,1,top news,2025-04-24 12:04:00,American Airlines pulls its 2025 outlook. The economic outlook is too uncertain.,https://static2.finnhub.io/file/publicdatany/finnhubimage/market_watch_logo.png,MarketWatch,American’s quarterly results beat forecasts but the profit view for the current quarter was on the downbeat side.,https://www.marketwatch.com/story/american-airlines-pulls-its-2025-outlook-the-economic-outlook-is-too-uncertain-b2e197ea,2025-04-24
7475225,2,top news,2025-04-24 11:55:00,This proven growth-stock pro isn’t giving up on Nvidia or America. Here’s why.,https://static2.finnhub.io/file/publicdatany/finnhubimage/market_watch_logo.png,MarketWatch,Louis Navellier: “I’m expecting up to four Fed rate cuts and then we’ll get this turbo boost.”,https://www.marketwatch.com/story/this-proven-growth-stock-pro-isnt-giving-up-on-nvidia-or-america-heres-why-605c70ab,2025-04-24
7475226,3,top news,2025-04-24 11:53:00,Hasbro’s stock rallies as it grows profit margins and readies new Star Wars toys,https://static2.finnhub.io/file/publicdatany/finnhubimage/market_watch_logo.png,MarketWatch,Toy company’s first-quarter results wow Wall Street. Its outlook excludes any impact of tariffs due to uncertainty over trade negotiations.,https://www.marketwatch.com/story/hasbros-stock-rallies-as-it-grows-profit-margins-and-readies-new-star-wars-toys-8fce176d,2025-04-24
7475211,4,top news,2025-04-24 11:37:00,Comcast beats on first-quarter profit even as it continues losing broadband subscribers,https://static2.finnhub.io/file/publicdatany/finnhubimage/market_watch_logo.png,MarketWatch,Comcast has been struggling with falling broadband and cable subscribers amid a broader industry decline.,https://www.marketwatch.com/story/comcast-beats-on-first-quarter-profit-even-as-it-continues-losing-broadband-subscribers-6d251ca4,2025-04-24
7475212,5,top news,2025-04-24 11:35:00,‘Bond king’ Jeffrey Gundlach predicts our next financial hangover — and it’s sobering,https://static2.finnhub.io/file/publicdatany/finnhubimage/market_watch_logo.png,MarketWatch,"Easy money was never meant to last forever. Expect a 4% return on cash, 5% on bonds and 6% from stocks.",https://www.marketwatch.com/story/bond-king-jeffrey-gundlach-predicts-our-next-financial-hangover-and-its-sobering-a1994bd1,2025-04-24
7475197,6,top news,2025-04-24 11:01:00,PepsiCo no longer sees profit growth in 2025 as tariffs lift supply-chain costs,https://static2.finnhub.io/file/publicdatany/finnhubimage/market_watch_logo.png,MarketWatch,"PepsiCo’s stock falls after the company reports a rare quarterly earnings miss as tariffs raise costs, slow consumer spending.",https://www.marketwatch.com/story/pepsico-no-longer-sees-profit-growth-in-2025-as-tariffs-lift-supply-chain-costs-88908298,2025-04-24
7475198,7,top news,2025-04-24 10:58:00,This strategist warned of a selloff in December. He’s watching these two signals to confirm if stocks have bottomed.,https://static2.finnhub.io/file/publicdatany/finnhubimage/market_watch_logo.png,MarketWatch,"Investors have gotten one signal the stock market bottom is in, they just need this one to confirm, says Warren Pies, founder and strategist at 3Fourteen Research",https://www.marketwatch.com/story/this-strategist-warned-of-a-selloff-in-december-hes-watching-these-two-signals-to-confirm-if-stocks-have-bottomed-b319fdc5,2025-04-24
7475192,8,top news,2025-04-24 10:51:00,Goldman’s chief economist says the dollar has further to fall. Here’s why.,https://static2.finnhub.io/file/publicdatany/finnhubimage/market_watch_logo.png,MarketWatch,"Goldman Sachs chief economist Jan Hatzius took to the pink-hued pages of the Financial Times to argue, ostensibly to an international audience, that the U.S. dollar will fall further.",https://www.marketwatch.com/story/goldmans-chief-economist-says-the-dollar-has-further-to-fall-heres-why-06596a51,2025-04-24
7475167,9,top news,2025-04-24 10:00:00,Spooked house hunters are dropping out of the real-estate market as they confront economic uncertainty on many fronts,https://static2.finnhub.io/file/publicdatany/finnhubimage/market_watch_logo.png,MarketWatch,Buyers across the U.S. — and across income levels — say they’re hitting the brakes on one of the biggest purchases of their lives amid stock-market turbulence and recession fears.,https://www.marketwatch.com/story/spooked-house-hunters-are-dropping-out-of-the-real-estate-market-as-they-confront-economic-uncertainty-on-many-fronts-bb62c23b,2025-04-24
7475164,10,top news,2025-04-24 09:51:00,"It’s hedge funds, not foreign investors, that have been dumping stocks, says JPMorgan",https://static2.finnhub.io/file/publicdatany/finnhubimage/market_watch_logo.png,MarketWatch,Retail investors have been net buyers of equities as hedge funds trim exposure,https://www.marketwatch.com/story/its-hedge-funds-not-foreign-investors-that-have-been-dumping-stocks-says-jpmorgan-15dc761a,2025-04-24
7475138,11,top news,2025-04-24 09:25:00,My ailing mother entrusted her fortune to her second husband. Guess what happened next?,https://static2.finnhub.io/file/publicdatany/finnhubimage/market_watch_logo.png,MarketWatch,"“He is a managing director at a major bank and probably clears $800,000 per annum.”",https://www.marketwatch.com/story/my-ailing-mother-entrusted-her-fortune-to-her-second-husband-guess-what-happened-next-ac9b3844,2025-04-24
7475112,12,top news,2025-04-24 09:01:00,‘The closest store is 40 miles away’—‘Ransom Canyon’ actor Josh Duhamel on raising his kids in off-grid Minnesota cabin,https://static2.finnhub.io/file/publicdatany/finnhubimage/market_watch_logo.png,MarketWatch,Josh Duhamel has candidly opened up about his decision to build a “doomsday prepper paradise” in the Minnesota woods.,https://www.marketwatch.com/story/the-closest-store-is-40-miles-awayransom-canyon-actor-josh-duhamel-on-raising-his-kids-in-off-grid-minnesota-cabin-52038b4d,2025-04-24
7475060,13,top news,2025-04-23 23:43:00,"Whirlpool says it’s a ‘winner’ under new tariffs, as consumers stay cautious",https://static2.finnhub.io/file/publicdatany/finnhubimage/market_watch_logo.png,MarketWatch,"Executives at the washer and dryer maker said the company would be a “winner” under the new trade regime, and said it would benefit domestic manufacturing.",https://www.marketwatch.com/story/whirlpool-says-its-a-winner-under-new-tariffs-as-consumers-stay-cautious-c658730a,2025-04-23
7475049,14,top news,2025-04-23 22:56:00,GE Vernova CEO says current U.S. demand for electricity is the largest since the end of WWII,https://image.cnbcfm.com/api/v1/image/107421610-1717016762050-gettyimages-1663554533-_iss2062_2m4dmgj1.jpeg?v=1717016806&w=1920&h=1080,CNBC,GE Vernova CEO Scott Strazik detailed the U.S.'s growing need for electricity.,https://www.cnbc.com/2025/04/23/ge-vernova-ceo-describes-huge-electricity-demand-in-the-us-.html,2025-04-23
7475038,15,business,2025-04-23 21:28:31,Alaska Airlines warns of slower demand as second-quarter profit outlook falls short,https://image.cnbcfm.com/api/v1/image/107355334-1704719565111-gettyimages-1905416517-776087412SB01.jpeg?v=1726153782&w=1920&h=1080,CNBC,"Alaska Airlines warned of weaker demand, pressuring airfares.",https://www.cnbc.com/2025/04/23/alaska-air-alk-1q-2025-earnings.html,2025-04-23
7475033,16,top news,2025-04-23 21:27:00,"Trump reportedly plans to exempt automakers from some tariffs; GM, Ford shares gain after hours",https://static2.finnhub.io/file/publicdatany/finnhubimage/market_watch_logo.png,MarketWatch,"Shares in General Motors, Ford and Jeep parent Stellantis gained in after-hours action Wednesday in the wake of a report that President Donald Trump plans to spare automakers from some tariffs.",https://www.marketwatch.com/story/trump-reportedly-plans-to-exempt-automakers-from-some-tariffs-gm-ford-shares-gain-after-hours-4e7a216d,2025-04-23
7475034,17,top news,2025-04-23 21:24:00,Here’s how Southwest is trying to stay one step ahead of weaker travel demand,https://static2.finnhub.io/file/publicdatany/finnhubimage/market_watch_logo.png,MarketWatch,Southwest pulls guidance for this year and the next amid economic uncertainty and concerns about lower travel demand.,https://www.marketwatch.com/story/heres-how-southwest-is-trying-to-stay-one-step-ahead-of-weaker-travel-demand-a7fe3c75,2025-04-23
7475035,18,top news,2025-04-23 21:21:00,Talk of a Trump pivot on China tariffs is helping stocks — but U.S. companies want actual trade deals,https://static2.finnhub.io/file/publicdatany/finnhubimage/market_watch_logo.png,MarketWatch,Bond-market participants worry the damage from President Trump’s tariffs could get worse without solid deals.,https://www.marketwatch.com/story/talk-of-a-trump-pivot-on-china-tariffs-is-helping-stocks-but-u-s-companies-want-actual-trade-deals-24fd7ea3,2025-04-23
7475019,19,top news,2025-04-23 21:09:00,‘Elon’s not going anywhere’: Trump White House says Musk has more DOGE work to do.,https://static2.finnhub.io/file/publicdatany/finnhubimage/market_watch_logo.png,MarketWatch,"Elon Musk says he will spend more time at Tesla, but the White House expects him to continue “dedicating a lot of his time”’ to supporting the president.",https://www.marketwatch.com/story/elons-not-going-anywhere-trump-white-house-says-musk-has-more-doge-work-to-do-ff040c5b,2025-04-23
7475012,20,top news,2025-04-23 20:37:00,"IBM says it’s bullish despite ‘fluid’ economy, but stock falls after hours",https://static2.finnhub.io/file/publicdatany/finnhubimage/market_watch_logo.png,MarketWatch,"Tech-infrastructure giant IBM on Wednesday offered a solid sales outlook despite worries about the impact of a global trade war on the economy and tech spending, but its shares still fell after hours.",https://www.marketwatch.com/story/ibm-says-its-bullish-despite-fluid-economy-but-stock-falls-after-hours-94d4cfe1,2025-04-23
7475013,21,top news,2025-04-23 20:34:00,"Chipotle’s sales miss, as chain is latest to raise the alarm about spending slowdown",https://static2.finnhub.io/file/publicdatany/finnhubimage/market_watch_logo.png,MarketWatch,"Chipotle’s same-restaurant sales headed south in the first quarter, dashing Wall Street hopes of growth above 1%.",https://www.marketwatch.com/story/chipotles-sales-miss-as-chain-is-latest-to-raise-the-alarm-about-spending-slowdown-6e0b3593,2025-04-23
7475006,22,top news,2025-04-23 20:27:00,ServiceNow’s stock pops as earnings beat quiets ‘DOGE’ fears,https://static2.finnhub.io/file/publicdatany/finnhubimage/market_watch_logo.png,MarketWatch,Some worried ServiceNow’s federal business would be under pressure from “DOGE” cuts. But CEO Bill McDermott said the company is benefitting from the efficiency push.,https://www.marketwatch.com/story/servicenows-stock-pops-as-earnings-beat-quiets-doge-fears-e936cde7,2025-04-23
7474991,23,top news,2025-04-23 19:45:00,Gold prices plunge in biggest one-day drop in years. Is the record rally over?,https://static2.finnhub.io/file/publicdatany/finnhubimage/market_watch_logo.png,MarketWatch,"Gold suffered its biggest one-day drop in nearly four years Wednesday, raising questions about whether a torrid rally driven by anxiety over President Trump’s trade policies can continue.",https://www.marketwatch.com/story/gold-prices-plunge-in-biggest-one-day-drop-in-years-is-the-record-rally-over-60a2f3cf,2025-04-23
7474980,24,top news,2025-04-23 19:43:00,Trump’s climbdown against the Fed looks very bullish for bonds,https://static2.finnhub.io/file/publicdatany/finnhubimage/market_watch_logo.png,MarketWatch,"A slowing economy, an independent Fed: What’s not to like?",https://www.marketwatch.com/story/trumps-climbdown-against-the-fed-looks-very-bullish-for-bonds-481d56c9,2025-04-23
7474981,25,top news,2025-04-23 19:40:00,Here’s where markets are signaling investor doubt that recession is ‘inevitable’,https://static2.finnhub.io/file/publicdatany/finnhubimage/market_watch_logo.png,MarketWatch,"Markets are signaling doubt about whether the U.S. economy will end up in recession, despite investors’ fears over President Donald Trump’s ‘liberation day’ tariffs.",https://www.marketwatch.com/story/heres-where-markets-are-signaling-investor-doubt-that-recession-is-inevitable-a11a9f39,2025-04-23
7474983,26,top news,2025-04-23 19:19:34,"Artificial dyes used in Gatorade, Flamin' Hot Cheetos to be phased out by 2026—it’s not clear they’re harmful, scientist says",https://image.cnbcfm.com/api/v1/image/108135613-1745431816621-gettyimages-472272491-000002889744_Illustrationeps.jpeg?v=1745432150&w=1920&h=1080,CNBC,"By the end of 2026, the FDA plans to phase out the use of all synthetic dyes in America's food supply. Here's what we know about their health impacts.",https://www.cnbc.com/2025/04/23/are-artificial-dyes-used-in-skittles-flamin-hot-cheetos-bad-for-you.html,2025-04-23
7474978,27,top news,2025-04-23 19:19:00,Alphabet’s stock faces threat of an ad slowdown — but here’s what could save it,https://static2.finnhub.io/file/publicdatany/finnhubimage/market_watch_logo.png,MarketWatch,YouTube and Google Cloud are both fast-growing businesses that bear watching when Alphabet reports earnings after Thursday’s closing bell.,https://www.marketwatch.com/story/alphabets-stock-faces-threat-of-an-ad-slowdown-but-heres-what-could-save-it-d021bfd4,2025-04-23
7474973,28,top news,2025-04-23 18:51:00,Are tariffs worth the risk to our retirement — and overall — economic security?,https://static2.finnhub.io/file/publicdatany/finnhubimage/market_watch_logo.png,MarketWatch,"Raucous debate clarified the national defense case for strategic tariffs, but it’s hard to argue for a worldwide tariff war",https://www.marketwatch.com/story/are-tariffs-worth-the-risk-to-our-retirement-and-overall-economic-security-fc6e31ec,2025-04-23
7474960,29,top news,2025-04-23 18:39:04,Bristol Myers shares fall after a failed trial. This is our plan for the stock — for now,https://image.cnbcfm.com/api/v1/image/108055214-1730321023253-gettyimages-1880513344-BRISTOL_MYERS_SQUIBB.jpeg?v=1745433534&w=1920&h=1080,CNBC,"Every weekday, the Investing Club releases the Homestretch; an actionable afternoon update just in time for the last hour of trading.",https://www.cnbc.com/2025/04/23/bristol-myers-shares-fall-after-a-failed-trial-this-is-our-plan-for-the-stock-for-now-.html,2025-04-23
7474957,30,top news,2025-04-23 18:36:00,General Dynamics CEO on Trump tariffs: Don’t ask,https://static2.finnhub.io/file/publicdatany/finnhubimage/market_watch_logo.png,MarketWatch,"General Dynamics CEO Phebe Novakovic won’t comment on potential tariff impacts — saying that with all the uncertainty, any estimate would be “sheer speculation.”",https://www.marketwatch.com/story/general-dynamics-ceo-on-trump-tariffs-dont-ask-5294914d,2025-04-23
7474952,31,top news,2025-04-23 18:26:00,Why Apple investors might be too optimistic about what’s ahead,https://static2.finnhub.io/file/publicdatany/finnhubimage/market_watch_logo.png,MarketWatch,"UBS analysts worry that the next iPhone launch will be lackluster, meaning Wall Street’s expectations for next year are too high.",https://www.marketwatch.com/story/why-apple-investors-might-be-too-optimistic-about-whats-ahead-aabe1376,2025-04-23
7474953,32,top news,2025-04-23 18:15:00,Fed Beige Book says ‘pervasive’ uncertainty from trade fights depresses outlook for economy,https://static2.finnhub.io/file/publicdatany/finnhubimage/market_watch_logo.png,MarketWatch,Economy gets short-term boost from buyers trying to avoid tariffs,https://www.marketwatch.com/story/fed-beige-book-says-pervasive-uncertainty-from-trade-fights-depresses-outlook-for-economy-772947de,2025-04-23
7474947,33,top news,2025-04-23 17:41:19,Is this 2-day stock market surge for real? Here's a look at what's driving the rally,https://image.cnbcfm.com/api/v1/image/108135472-1745421341332-gettyimages-2210995126-AFP_43984BA.jpeg?v=1745421373&w=1920&h=1080,CNBC,The sigh of relief is playing out within our portfolio.,https://www.cnbc.com/2025/04/23/is-this-2-day-stock-market-surge-for-real-heres-a-look-at-whats-driving-the-rally.html,2025-04-23
7474939,34,top news,2025-04-23 17:36:00,Here’s why Capital One and other banks took ‘rainy day’ money off their balance sheets,https://static2.finnhub.io/file/publicdatany/finnhubimage/market_watch_logo.png,MarketWatch,Improved credit quality at Capital One allowed the company to channel more money to earnings.,https://www.marketwatch.com/story/heres-why-capital-one-and-other-banks-took-rainy-day-money-off-their-balance-sheets-d1ea8417,2025-04-23
7474938,35,top news,2025-04-23 17:20:50,Citadel's Ken Griffin warns Trump about tarnishing the 'brand' of U.S. Treasurys,https://image.cnbcfm.com/api/v1/image/107412302-17151923272024-05-06t181651z_1561007525_rc25l7ah2osa_rtrmadp_0_milken-conference.jpeg?v=1725464284&w=1920&h=1080,CNBC,"""The strength, the credit worthiness of U.S. Treasurys, no brand came close. We put that brand at risk,"" Griffin said.",https://www.cnbc.com/2025/04/23/citadels-ken-griffin-warns-trump-about-tarnishing-the-brand-of-us-treasurys.html,2025-04-23
7474919,36,top news,2025-04-23 16:54:00,Wednesday’s relief rally suggests the ‘Sell America’ trade is on pause. But is the worst really over?,https://static2.finnhub.io/file/publicdatany/finnhubimage/market_watch_logo.png,MarketWatch,"The dollar and U.S. government debt have been at the center of the “Sell America” trade for weeks. That trade is taking a break for now, however, as investors and traders jumped back into long-term Treasurys and sent the greenback higher against major rivals on Wednesday.",https://www.marketwatch.com/story/wednesdays-relief-rally-suggests-the-sell-america-trade-is-on-pause-but-is-the-worst-really-over-4e82ea1f,2025-04-23
7474909,37,top news,2025-04-23 16:22:00,"My wife, 66, has a pension, but never paid into Social Security. Does new legislation mean she’ll now receive benefits?",https://static2.finnhub.io/file/publicdatany/finnhubimage/market_watch_logo.png,MarketWatch,"“I wasn’t planning on starting my benefits until age 67, but that will put her at 76.”",https://www.marketwatch.com/story/my-wife-66-has-a-pension-but-never-paid-into-social-security-does-new-legislation-mean-shell-now-receive-benefits-26731970,2025-04-23
7474905,38,top news,2025-04-23 16:13:11,"The 2 things behind the stock market rally — plus, our take on a setback for this drug stock",https://image.cnbcfm.com/api/v1/image/108130165-17443011992025-04-10t155926z_1007006614_rc23vdab6jnw_rtrmadp_0_usa-stocks.jpeg?v=1744301245&w=1920&h=1080,CNBC,"The Investing Club holds its ""Morning Meeting"" every weekday at 10:20 a.m. ET.",https://www.cnbc.com/2025/04/23/2-things-behind-the-market-rally-plus-bristol-myers-cobenfy-setback.html,2025-04-23
7474902,39,business,2025-04-23 16:00:02,Trump wants automakers to move vehicle production to the U.S. It's not that simple,https://image.cnbcfm.com/api/v1/image/107252081-1686077385019-gettyimages-1243051479-AFP_32HY8DC.jpeg?v=1745413996&w=1920&h=1080,CNBC,Relocating production lines takes years of planning and construction and requires massive amounts of space and capital.,https://www.cnbc.com/2025/04/23/trump-tariffs-urge-us-auto-production.html,2025-04-23
7474903,40,top news,2025-04-23 15:59:00,Has bitcoin halving lost its mojo? The crypto sees its worst ever post-halving performance.,https://static2.finnhub.io/file/publicdatany/finnhubimage/market_watch_logo.png,MarketWatch,"It’s been a year since bitcoin’s last halving. Investors expected the crypto’s price to skyrocket, but bitcoin has posted the worst post-halving performance in history.",https://www.marketwatch.com/story/has-bitcoin-halving-lost-its-mojo-the-crypto-sees-its-worst-ever-post-halving-performance-af9ff71b,2025-04-23
7474875,41,business,2025-04-23 15:00:01,Ford launches exclusive experience program for its priciest pickups,https://image.cnbcfm.com/api/v1/image/108135422-1745418889952-IMG_4769.jpg?v=1745419246&w=1920&h=1080,CNBC,"Ford is offering its most premium pickup truck customers a new package, including a personal concierge, accessory discounts and a maintenance plan.",https://www.cnbc.com/2025/04/23/ford-platinum-plus-pickup-trucks.html,2025-04-23
7474881,42,top news,2025-04-23 14:59:00,GE Vernova now sees tariff costs of up to $400 million but keeps outlook intact,https://static2.finnhub.io/file/publicdatany/finnhubimage/market_watch_logo.png,MarketWatch,GE Vernova’s stock surged Wednesday after the power and renewable-energy company reported quarterly profit that was more than double expectations.,https://www.marketwatch.com/story/ge-vernova-now-sees-tariff-costs-of-up-to-400-million-but-keeps-outlook-intact-dab6c32a,2025-04-23
7474854,43,top news,2025-04-23 14:17:00,"Scott Bessent offers a gentler message again, saying ‘America First’ does not mean ‘America alone’",https://static2.finnhub.io/file/publicdatany/finnhubimage/market_watch_logo.png,MarketWatch,"U.S. Treasury Secretary Scott Bessent spoke Wednesday at an Institute of International Finance event in Washington, D.C.",https://www.marketwatch.com/story/scott-bessent-offers-a-gentler-message-again-saying-america-first-does-not-mean-america-alone-a0acf376,2025-04-23
7474848,44,top news,2025-04-23 14:11:00,"Trade wars feed inflation, slow economy and depress business confidence, S&P finds",https://static2.finnhub.io/file/publicdatany/finnhubimage/market_watch_logo.png,MarketWatch,Pessimism rises to levels last seen during pandemic,https://www.marketwatch.com/story/trade-wars-feed-inflation-slow-economy-and-depress-business-confidence-s-p-finds-193a5feb,2025-04-23
7474850,45,business,2025-04-23 14:00:23,Boeing CEO says China has stopped taking its aircraft amid trade war,https://image.cnbcfm.com/api/v1/image/108093415-1738074849221-SG-Ortberg-03.jpg?v=1738074855&w=1920&h=1080,CNBC,CEO Kelly Ortberg said that a few 737 Max planes that were in China set to be delivered to carriers there have been flown back to the U.S.,https://www.cnbc.com/2025/04/23/boeing-ceo-trump-trade-war-tariffs-china.html,2025-04-23
7474849,46,top news,2025-04-23 14:00:00,Senior housing is so scarce that many older adults are buying before they even need it,https://static2.finnhub.io/file/publicdatany/finnhubimage/market_watch_logo.png,MarketWatch,"More than 564,000 new senior-housing units are needed to meet demand by 2030 — but only 191,000 will be added at current development rates.",https://www.marketwatch.com/story/senior-housing-is-so-scarce-that-many-older-adults-are-buying-before-they-even-need-it-4632c3b2,2025-04-23
7474785,47,top news,2025-04-23 12:53:00,SAP extends lead as Europe’s most valuable company after  earnings beat,https://static2.finnhub.io/file/publicdatany/finnhubimage/market_watch_logo.png,MarketWatch,SAP extended its lead as Europe’s most valuable company after the business-software company’s stock saw its best surge in six years.,https://www.marketwatch.com/story/sap-extends-lead-as-europes-most-valuable-company-after-earnings-beat-c266c9a8,2025-04-23
7474793,48,top news,2025-04-23 12:45:43,"Bitcoin heads toward $95,000, rising for a third day and turning positive on the year",https://image.cnbcfm.com/api/v1/image/106963876-1634825244800-gettyimages-1236011917-AA_21102021_496570.jpeg?v=1745411054&w=1920&h=1080,CNBC,Bitcoin rose for a third day in a broad relief rally after Trump softened his stance on China tariffs Fed Chair Jerome Powell.,https://www.cnbc.com/2025/04/23/crypto-market-today.html,2025-04-23
7474763,49,top news,2025-04-23 12:40:00,"Boeing sees commercial airplane revenue surge, even after tariff announcements",https://static2.finnhub.io/file/publicdatany/finnhubimage/market_watch_logo.png,MarketWatch,"Boeing’s stock jumps, as losses surprisingly narrow much more than expected, and revenue rose for the first time in over a year.",https://www.marketwatch.com/story/boeings-stock-jumps-as-commercial-airplane-revenue-surges-and-losses-narrow-27d495e2,2025-04-23
7474764,50,top news,2025-04-23 12:34:00,AI data center buildups are boosting Vertiv’s sales. Its stock is rallying.,https://static2.finnhub.io/file/publicdatany/finnhubimage/market_watch_logo.png,MarketWatch,Vertiv said it’s working to mitigate any tariff impact and wants components made in Mexico to be exempt under the 2018 USMCA free-trade agreement.,https://www.marketwatch.com/story/ai-data-center-buildups-are-boosting-vertivs-sales-its-stock-is-rallying-2137f4d8,2025-04-23
7474765,51,top news,2025-04-23 12:24:00,"Elon Musk is recommitting to Tesla, but will that save the stock? It’s not so simple.",https://static2.finnhub.io/file/publicdatany/finnhubimage/market_watch_logo.png,MarketWatch,"Tesla’s stock is rising as investors cheer Musk’s renewed focus on the company.  But there are various challenges ahead, including tariffs, an evolving EV market and a history of delays on new products.",https://www.marketwatch.com/story/elon-musk-is-recommitting-to-tesla-but-will-that-save-the-stock-its-not-so-simple-d81e94aa,2025-04-23
7474766,52,top news,2025-04-23 12:05:00,Financial advisers are calm about markets — for now. What would it take for them to panic?,https://static2.finnhub.io/file/publicdatany/finnhubimage/market_watch_logo.png,MarketWatch,"At some point, even the most levelheaded advisers will lose their bearings.",https://www.marketwatch.com/story/financial-advisers-are-calm-about-markets-for-now-what-would-it-take-for-them-to-panic-c1867103,2025-04-23
7474767,53,top news,2025-04-23 11:50:00,AI has been the ‘Wild West’ for investors. But now a sheriff has come to town.,https://static2.finnhub.io/file/publicdatany/finnhubimage/market_watch_logo.png,MarketWatch,U.S. companies — and their shareholders — don’t yet fully appreciate that European Union’s AI regulators mean business.,https://www.marketwatch.com/story/ai-has-been-the-wild-west-for-investors-but-now-a-sheriff-has-come-to-town-4470a382,2025-04-23
7474768,54,top news,2025-04-23 11:35:00,Trump and Powell are doing the ‘Fed independence’ dance. Time to show off your moves.,https://static2.finnhub.io/file/publicdatany/finnhubimage/market_watch_logo.png,MarketWatch,Why investors should care about the Federal Reserve’s independence.,https://www.marketwatch.com/story/trump-and-powell-are-doing-the-fed-independence-dance-time-to-show-off-your-moves-8139bdec,2025-04-23
7474749,55,top news,2025-04-23 11:01:00,AT&T’s stock pops as the company hits a milestone that matters for investors,https://static2.finnhub.io/file/publicdatany/finnhubimage/market_watch_logo.png,MarketWatch,"The company reached its target leverage ratio, meaning it can start share repurchases a bit earlier than expected. AT&T also beat subscriber numbers by a wide margin.",https://www.marketwatch.com/story/at-ts-stock-pops-as-the-company-hits-a-milestone-that-matters-for-investors-b0ad3b53,2025-04-23
7474750,56,top news,2025-04-23 11:00:00,"Mortgage rates jump higher, casting a chill over the housing market",https://static2.finnhub.io/file/publicdatany/finnhubimage/market_watch_logo.png,MarketWatch,"Mortgage applications fell 12.7% in the past week, the Mortgage Bankers Association said.",https://www.marketwatch.com/story/mortgage-rates-jump-higher-casting-a-chill-over-the-housing-market-921014e8,2025-04-23
7474751,57,top news,2025-04-23 10:54:00,"The buying opportunity of a lifetime is coming. But not before a 40% drop for the S&P 500, says this strategist.",https://static2.finnhub.io/file/publicdatany/finnhubimage/market_watch_logo.png,MarketWatch,"Thomas Kee argues that the S&P 500 is far from being fairly valued, but what will be a painful process of correcting that is finally getting under way.",https://www.marketwatch.com/story/the-buying-opportunity-of-a-lifetime-is-coming-but-not-before-a-40-drop-for-the-s-p-500-says-this-strategist-b3aa3bd5,2025-04-23
7475196,58,top news,2025-04-23 10:53:45,"Adani eyes $750 million offshore loan to fund airport expansion, refinance debt",https://data.bloomberglp.com/company/sites/2/2019/01/logobbg-wht.png,Bloomberg,"Adani Airport Holdings Ltd., which manages seven major Indian airports and is nearing the launch of a $2 billion hub near Mumbai, aims to finalise the deal by early May.",https://www.bloomberg.com/news/articles/2025-04-23/adani-s-airport-unit-seeks-750-million-loan-from-global-banks,2025-04-23
7474721,59,top news,2025-04-23 10:38:00,Apple and Meta just got hit with big fines from Europe. Here are the latest penalties.,https://static2.finnhub.io/file/publicdatany/finnhubimage/market_watch_logo.png,MarketWatch,Apple and Meta Platforms were both fined hundreds of millions of dollars in the latest European Union crackdown against major U.S. technology companies.,https://www.marketwatch.com/story/apple-and-meta-just-got-hit-with-big-fines-from-europe-here-are-the-latest-penalties-30bf5ba8,2025-04-23
7474722,60,top news,2025-04-23 10:23:00,"Here’s how far the stock market and other assets have gone in pricing in a recession, according to Deutsche Bank",https://static2.finnhub.io/file/publicdatany/finnhubimage/market_watch_logo.png,MarketWatch,"Financial markets have been volatile, but a comparison of how the stock market and other leading asset classes are behaving to other recession periods shows traders are not yet pricing in a recession.",https://www.marketwatch.com/story/heres-how-far-the-stock-market-and-other-assets-have-gone-in-pricing-in-a-recession-according-to-deutsche-bank-baddff80,2025-04-23
7474713,61,top news,2025-04-23 09:15:00,"‘I survived a head-on car wreck’: I’m on Medicaid, but inheriting $290K. How do I protect it from the 5-year look-back rule?",https://static2.finnhub.io/file/publicdatany/finnhubimage/market_watch_logo.png,MarketWatch,"“About 30 years ago, I survived a head-on car wreck. I was put on 100% disability. I have not worked since.”",https://www.marketwatch.com/story/i-survived-a-head-on-car-wreck-im-on-medicaid-but-inheriting-290k-how-do-i-protect-it-from-the-5-year-look-back-rule-c14b2f46,2025-04-23
7474707,62,top news,2025-04-23 09:04:00,Miami Dolphins QB Tua Tagovailoa lists stunning home on Florida waterfront for $3 million,https://static2.finnhub.io/file/publicdatany/finnhubimage/market_watch_logo.png,MarketWatch,Speculation continues to swirl about Tagovailoa’s readiness for the coming season after injuries last year.,https://www.marketwatch.com/story/miami-dolphinsqbtua-tagovailoa-lists-stunning-home-on-florida-waterfront-for-3-million-1d3a4104,2025-04-23
7475128,63,top news,2025-04-23 07:00:12,Tesla board faces heat over Musk’s divided focus,https://data.bloomberglp.com/company/sites/2/2019/01/logobbg-wht.png,Bloomberg,"US state treasurers question Tesla's direction and Elon Musk's focus, urging board oversight for company's challenges.",https://www.bloomberg.com/news/articles/2025-04-22/tesla-board-gets-an-earful-from-state-treasurers-over-musk-s-focus,2025-04-23
7474654,64,top news,2025-04-23 01:34:00,Intel reportedly to slash more than 20% of its workforce amid latest restructuring,https://static2.finnhub.io/file/publicdatany/finnhubimage/market_watch_logo.png,MarketWatch,"Intel Corp. is planning to announce cuts to more than 20% of its workforce this week, Bloomberg News reported Tuesday night, in what would be the the first major restructuring under new Chief Executive Lip-Bu Tan.",https://www.marketwatch.com/story/intel-reportedly-to-slash-more-than-20-of-its-workforce-amid-latest-restructuring-1f1f74d9,2025-04-23
7474646,65,top news,2025-04-23 00:19:00,Capital One says consumers are doing OK. Here’s where they may be trying to beat tariffs.,https://static2.finnhub.io/file/publicdatany/finnhubimage/market_watch_logo.png,MarketWatch,"Credit-card giant Capital One Financial Services Inc. says consumers are hanging in there as the U.S. braces for the fallout from a global trade war, but that there appears to be a bit of a “pull forward” in auto purchases, as consumers try to get ahead of potential price increases.",https://www.marketwatch.com/story/capital-one-says-consumers-are-doing-ok-heres-where-they-may-be-trying-to-beat-tariffs-7f9aa1aa,2025-04-23
7474639,66,top news,2025-04-22 22:42:09,Jim Cramer says the bear market rally could become a real recovery,https://image.cnbcfm.com/api/v1/image/107060539-1652391835772-220305_IMG_0726.jpg?v=1696026975&w=1920&h=1080,CNBC,"After U.S. stocks surged on Tuesday, CNBC's Jim Cramer broke down the potential signs of a genuine market recovery that he's looking for in the near future.",https://www.cnbc.com/2025/04/22/jim-cramer-says-the-bear-market-rally-could-become-a-real-recovery.html,2025-04-22
7474630,67,top news,2025-04-22 21:59:00,Trump shifts to friendlier tone for Fed’s Powell: ‘I have no intention of firing him’,https://static2.finnhub.io/file/publicdatany/finnhubimage/market_watch_logo.png,MarketWatch,"President Donald Trump on Tuesday ratcheted down his rhetoric toward Federal Reserve Chairman Jerome Powell, saying he didn’t plan to try to remove the chief of the nation’s central bank.",https://www.marketwatch.com/story/trump-shifts-to-friendlier-tone-for-feds-powell-i-have-no-intention-of-firing-him-8e0ab981,2025-04-22
7474620,68,top news,2025-04-22 21:00:00,Tariffs could push up homeowners insurance premiums — and people in these states would see the biggest price hikes,https://static2.finnhub.io/file/publicdatany/finnhubimage/market_watch_logo.png,MarketWatch,The Trump administration’s tariffs on imported goods could cost American homeowners.,https://www.marketwatch.com/story/tariffs-could-push-up-homeowners-insurance-premiums-and-people-in-these-states-would-see-the-biggest-price-hikes-c772343f,2025-04-22
7474614,69,top news,2025-04-22 20:57:00,Foreign investors are selling more Treasurys. That’s bad news for U.S. borrowers.,https://static2.finnhub.io/file/publicdatany/finnhubimage/market_watch_logo.png,MarketWatch,"The safe-haven status of Treasurys “is increasingly in question,” according to a BNY macro strategist.",https://www.marketwatch.com/story/foreign-investors-are-selling-more-treasurys-thats-bad-news-for-u-s-borrowers-6f325b0f,2025-04-22
7474618,70,business,2025-04-22 20:48:00,Warner Bros. Discovery starts Max password sharing crackdown,https://image.cnbcfm.com/api/v1/image/108017732-1723061245869-gettyimages-2165109263-porzycki-streamin240806_npZkA.jpeg?v=1745352942&w=1920&h=1080,CNBC,"Priced at $7.99 a month, the friend or family member of the primary account owner gets their own standalone account under the same subscription.",https://www.cnbc.com/2025/04/22/wbd-max-password-sharing-crackdown.html,2025-04-22
7474609,71,top news,2025-04-22 20:39:00,Here’s what this Fed insider is watching to see if trade wars start to wound the U.S. economy,https://static2.finnhub.io/file/publicdatany/finnhubimage/market_watch_logo.png,MarketWatch,How will anyone know if the Trump trade wars are really hurting the U.S. economy? One Federal Reserve insider said rising layoffs would be the first clear sign.,https://www.marketwatch.com/story/heres-what-this-fed-insider-is-watching-to-see-if-trade-wars-start-to-wound-the-u-s-economy-7243aed1,2025-04-22
7474608,72,business,2025-04-22 20:22:17,"FDA to phase out dyes used in Flamin' Hot Cheetos, Skittles and other snacks",https://image.cnbcfm.com/api/v1/image/108135008-17453511712025-04-22t185944z_2040121597_rc253eanso6a_rtrmadp_0_usa-trump-fda-dyes.jpeg?v=1745351217&w=1920&h=1080,CNBC,The FDA is phasing out the use of petroleum-based synthetic dyes in food and drinks.,https://www.cnbc.com/2025/04/22/fda-announces-food-dye-ban.html,2025-04-22
7474602,73,top news,2025-04-22 20:20:00,How investors over 50 should handle the bond-market volatility,https://static2.finnhub.io/file/publicdatany/finnhubimage/market_watch_logo.png,MarketWatch,When the world is going crazy it’s helpful to talk to someone sane,https://www.marketwatch.com/story/how-investors-over-50-should-handle-the-bond-market-volatility-1cb8172b,2025-04-22
7474597,74,business,2025-04-22 19:59:01,Auto groups lobby Trump administration against parts tariffs in rare unified message,https://image.cnbcfm.com/api/v1/image/107106113-1660849031544-gettyimages-1242577937-DET154.jpeg?v=1660849135&w=1920&h=1080,CNBC,"The group – representing franchised dealers, suppliers and nearly all major automakers – say the upcoming levies could jeopardize U.S. automotive production.",https://www.cnbc.com/2025/04/22/auto-groups-lobby-trump-administration-against-parts-tariffs.html,2025-04-22
7474591,75,top news,2025-04-22 19:57:00,"AMD’s AI story was already ‘tenuous,’ and now the stock has new challenges",https://static2.finnhub.io/file/publicdatany/finnhubimage/market_watch_logo.png,MarketWatch,"Bernstein says AMD’s AI chips remain uncompetitive. That’s nothing new, but in the PC business, AMD now must cope with a potentially ‘more aggressive’ Intel.",https://www.marketwatch.com/story/amds-ai-story-was-already-tenuous-and-now-the-stock-has-new-challenges-9ee3d06b,2025-04-22
7474592,76,top news,2025-04-22 19:53:00,"Earnings might not revive markets, analyst says. Here’s the one thing that could.",https://static2.finnhub.io/file/publicdatany/finnhubimage/market_watch_logo.png,MarketWatch,"With two busy tech-heavy earnings weeks ahead, one Mizuho analyst asks how much earnings and forecasts will matter as tariffs remain top-of-mind.",https://www.marketwatch.com/story/earnings-might-not-revive-markets-analyst-says-heres-the-one-thing-that-could-f6507f92,2025-04-22
7474593,77,top news,2025-04-22 19:45:00,Amazon’s stock is cheap relative to Walmart’s. Why investors are making a mistake in their flight to safety.,https://static2.finnhub.io/file/publicdatany/finnhubimage/market_watch_logo.png,MarketWatch,Amazon and Walmart could be great stocks to weather an economic slowdown — except one is trading at a premium while the other is at a discount.,https://www.marketwatch.com/story/amazons-stock-is-cheap-relative-to-walmarts-why-investors-are-making-a-mistake-in-their-flight-to-safety-76b68eed,2025-04-22
7474582,78,top news,2025-04-22 19:23:00,U.S. stocks have been left in the dust since Trump’s April 2 tariff announcement. Here’s how major assets stack up.,https://static2.finnhub.io/file/publicdatany/finnhubimage/market_watch_logo.png,MarketWatch,A Deutsche Bank chart tracks how every major asset class has performed since President Trump rocked global markets with his April 2 tariff announcement.,https://www.marketwatch.com/story/u-s-stocks-have-been-left-in-the-dust-since-trumps-april-2-tariff-announcement-heres-how-major-assets-stack-up-75be9789,2025-04-22
7474583,79,top news,2025-04-22 19:16:00,The best time of day to own stocks is actually at night,https://static2.finnhub.io/file/publicdatany/finnhubimage/market_watch_logo.png,MarketWatch,"In this profitable trading strategy, you buy at the market close and sell at the open.",https://www.marketwatch.com/story/the-best-time-of-day-to-own-stocks-is-actually-at-night-8e65e43e,2025-04-22
7474547,80,top news,2025-04-22 19:04:00,What happens if your student loans are in default as debt collection restarts?,https://static2.finnhub.io/file/publicdatany/finnhubimage/market_watch_logo.png,MarketWatch,Borrowers in default could see their wages garnished or Social Security benefits seized. Here’s what you need to know.,https://www.marketwatch.com/story/what-happens-if-your-student-loans-are-in-default-as-debt-collection-restarts-e84dffed,2025-04-22
7474542,81,top news,2025-04-22 18:49:00,Can Trump fire Powell? Congress may be powerless to stop him.,https://static2.finnhub.io/file/publicdatany/finnhubimage/market_watch_logo.png,MarketWatch,Some Republicans are standing up for the Federal Reserve chairman.,https://www.marketwatch.com/story/can-trump-fire-powell-congress-may-be-powerless-to-stop-him-c1e883eb,2025-04-22
7474546,82,top news,2025-04-22 18:40:19,Americans still want iPhones even if Apple is on borrowed time with Trump,https://image.cnbcfm.com/api/v1/image/108061631-1731431026912-gettyimages-2172320142-pn024879.jpeg?v=1744048792&w=1920&h=1080,CNBC,Morgan Stanley says its March iPhone survey showed record-high upgrade intentions and stronger-than-expected Apple Intelligence adoption.,https://www.cnbc.com/2025/04/22/americans-stand-by-iphones-even-if-apples-on-borrowed-time-with-trump.html,2025-04-22
7474539,83,top news,2025-04-22 18:21:43,"Here's why we aren't running from the stock market, even as tariff fears linger",https://image.cnbcfm.com/api/v1/image/108133763-1744994772302-gettyimages-2210460331-jr_16845_lenyvnna.jpeg?v=1744994778&w=1920&h=1080,CNBC,"Every weekday, the Investing Club releases the Homestretch; an actionable afternoon update just in time for the last hour of trading.",https://www.cnbc.com/2025/04/22/heres-why-we-arent-running-from-stocks-even-as-tariffs-fears-linger.html,2025-04-22
7474528,84,top news,2025-04-22 18:07:00,What to expect when you’re expecting a recession: a guide for investors,https://static2.finnhub.io/file/publicdatany/finnhubimage/market_watch_logo.png,MarketWatch,President Trump’s aggressive tariffs have shaken investors’ faith in U.S. markets. Many fear a recession might be just around the corner.,https://www.marketwatch.com/story/what-to-expect-when-youre-expecting-a-recession-a-guide-for-investors-f9f91893,2025-04-22
7474529,85,top news,2025-04-22 18:07:00,College decision day is coming. How to decide which school you can afford in this crazy economy.,https://static2.finnhub.io/file/publicdatany/finnhubimage/market_watch_logo.png,MarketWatch,What you might have thought you could afford for college may have changed in the last few months. What now?,https://www.marketwatch.com/story/college-decision-day-is-coming-how-to-decide-which-school-you-can-afford-in-this-crazy-economy-abdc1a35,2025-04-22
7474526,86,top news,2025-04-22 17:47:37,Warren Buffett's 'simple rule' to build wealth when stock market is volatile,https://image.cnbcfm.com/api/v1/image/107410250-1714758200805-untitled-81-310.jpg?v=1714762679&w=1920&h=1080,CNBC,Warren Buffett isn't afraid to invest when stocks are falling. Just read his op-ed from the Great Recession.,https://www.cnbc.com/2025/04/22/warren-buffetts-simple-rule-to-build-wealth-when-the-market-falls.html,2025-04-22
7474519,87,top news,2025-04-22 17:38:00,I have a huge tax bill because of capital gains. Could there be a mistake?,https://static2.finnhub.io/file/publicdatany/finnhubimage/market_watch_logo.png,MarketWatch,"Don’t panic, this may be a common brokerage error",https://www.marketwatch.com/story/i-have-a-huge-tax-bill-because-of-capital-gains-could-there-be-a-mistake-a0890cfc,2025-04-22
7474520,88,top news,2025-04-22 17:35:00,Meta may have a $7 billion problem in China,https://static2.finnhub.io/file/publicdatany/finnhubimage/market_watch_logo.png,MarketWatch,Chinese advertisers have been a major source of growth for Meta — but analysts say a sizable amount of revenue is at risk from Trump’s trade policies.,https://www.marketwatch.com/story/meta-may-have-a-7-billion-problem-in-china-14e51886,2025-04-22
7474515,89,business,2025-04-22 17:30:01,NYC's most expensive home lists for $110 million amid market uncertainty,https://image.cnbcfm.com/api/v1/image/108132893-1744825530146-Picture1.jpg?v=1744903541&w=1920&h=1080,CNBC,"The four-floor listing at 111 West 57th St. spans 11,480 square feet and is being pitched as a rare collector’s item for global elites.",https://www.cnbc.com/2025/04/22/nyc-most-expensive-home-lists.html,2025-04-22
7474507,90,top news,2025-04-22 16:59:00,International travelers are avoiding the U.S. Why American jobs will take a hit.,https://static2.finnhub.io/file/publicdatany/finnhubimage/market_watch_logo.png,MarketWatch,"Goldman Sachs forecasts that under a worst-case scenario, reduced visits and canceled purchases of U.S. goods could cost the economy $90 billion.",https://www.marketwatch.com/story/international-travelers-are-avoiding-the-u-s-why-american-jobs-will-take-a-hit-b8740757,2025-04-22
7474503,91,top news,2025-04-22 16:57:03,"'Definitely buy right now' if you want a new smartphone, says retail expert—before tariffs escalate",https://image.cnbcfm.com/api/v1/image/108133594-1744916545354-gettyimages-2207842202-afvf05311.jpeg?v=1744916693&w=1920&h=1080,CNBC,Tariffs on certain electronics are currently exempted from the escalating levies on Chinese goods.,https://www.cnbc.com/2025/04/22/retail-expert-buy-now-if-you-want-a-new-smartphone.html,2025-04-22
7474497,92,top news,2025-04-22 16:45:00,10 ‘pure value’ stocks favored by analysts to soar 20% to 96% over the next year,https://static2.finnhub.io/file/publicdatany/finnhubimage/market_watch_logo.png,MarketWatch,This year’s broad price decline has led to some very low price-to-earnings valuations in the stock market.,https://www.marketwatch.com/story/10-pure-value-stocks-favored-by-analysts-to-soar-20-to-96-over-the-next-year-72910f06,2025-04-22
7474481,93,top news,2025-04-22 16:04:18,We are buying 3 stocks and upgrading our rating on a turnaround play,https://image.cnbcfm.com/api/v1/image/108134392-17452694212025-04-21t203929z_25618625_rc2k2ea5sml9_rtrmadp_0_usa-stocks.jpeg?v=1745269497&w=1920&h=1080,CNBC,"All three names all look attractive, for different reasons.",https://www.cnbc.com/2025/04/22/we-are-buying-3-stocks-and-upgrading-our-rating-on-a-turnaround-play.html,2025-04-22
7474474,94,top news,2025-04-22 15:59:00,Many Americans can’t afford vet care for their pets — and the results can be deadly,https://static2.finnhub.io/file/publicdatany/finnhubimage/market_watch_logo.png,MarketWatch,A new Gallup survey finds more than 50% of pet owners have put off or decided against veterinary treatment — which in worst-case scenarios can lead to “economic euthanasia.”,https://www.marketwatch.com/story/many-americans-cant-afford-vet-care-for-their-pets-and-the-results-can-be-deadly-72d35390,2025-04-22
7474477,95,top news,2025-04-22 15:57:39,"If Trump wants rate cuts, he would likely need to replace the Fed's full board along with Powell",https://image.cnbcfm.com/api/v1/image/108133295-1744892870660-gettyimages-2209986446-AFP_42KP2KR.jpeg?v=1745332127&w=1920&h=1080,CNBC,"Changing out the Federal Reserve chair doesn't guarantee rate cuts for President Donald Trump, according to Wall Street economists.",https://www.cnbc.com/2025/04/22/if-trump-wants-rate-cuts-he-would-likely-need-to-replace-the-feds-full-board.html,2025-04-22
7474460,96,top news,2025-04-22 15:26:49,"Jim Cramer touts his favorite stock in the portfolio, says it's being overlooked",https://image.cnbcfm.com/api/v1/image/107375679-17084483472024-02-20t162541z_897151514_rc2e66asxxzn_rtrmadp_0_discover-fincl-m-a-capital-one-fi.jpeg?v=1708457076&w=1920&h=1080,CNBC,"The Investing Club holds its ""Morning Meeting"" every weekday at 10:20 a.m. ET.",https://www.cnbc.com/2025/04/22/jim-cramer-touts-his-favorite-stock-in-the-portfolio-says-its-being-overlooked.html,2025-04-22
7474461,97,top news,2025-04-22 15:21:19,"Don't make this crucial resume mistake, says ex-Visa HR exec",https://image.cnbcfm.com/api/v1/image/108133646-1744922089300-gettyimages-1503239940-5d4_2758stock.jpeg?v=1744922227&w=1920&h=1080,CNBC,"Jolen Anderson wants job candidates to avoid writing resumes that look like ""a standard job description.""",https://www.cnbc.com/2025/04/22/dont-make-this-crucial-resume-mistake-says-ex-visa-hr-exec.html,2025-04-22
7474458,98,top news,2025-04-22 15:14:00,The mystery behind gold’s bull market,https://static2.finnhub.io/file/publicdatany/finnhubimage/market_watch_logo.png,MarketWatch,Betting on a gold bull market has always been speculative.,https://www.marketwatch.com/story/the-mystery-behind-golds-bull-market-236eb513,2025-04-22
7474450,99,top news,2025-04-22 15:01:00,"As gold prices soar, this billionaire investor now has a big stake in an Alaskan gold mine",https://static2.finnhub.io/file/publicdatany/finnhubimage/market_watch_logo.png,MarketWatch,Billionaire investor John Paulson is teaming up with Canada’s NovaGold to purchase a stake in an Alaskan gold mine.,https://www.marketwatch.com/story/as-gold-prices-soar-this-billionaire-investor-now-has-a-big-stake-in-an-alaskan-gold-mine-19c21854,2025-04-22
